Matrix,Mode,ChunkSize,Threads,Cycles,Instructions,CacheMisses,CacheRefs,LLCMisses
tmt_unsym.mtx,seq,NA,1,6.1481e+09,1.64223e+10,4.27053e+06,10111975,98284
tmt_unsym.mtx,static,1,1,6131063537,1.64223e+10,4.26365e+06,10076381,97926.6
tmt_unsym.mtx,static,1,2,6181835460,1.64235e+10,4.36084e+06,1.0093e+07,107158
tmt_unsym.mtx,static,1,4,6.2087e+09,16424438896,4.14412e+06,1.00609e+07,108076
tmt_unsym.mtx,static,1,8,6.26852e+09,16427274761,4229386,9960413,111407
tmt_unsym.mtx,static,1,16,6.43442e+09,1.64342e+10,4181721,9958927,111353
tmt_unsym.mtx,static,1,32,6.92328e+09,16454901332,4.14036e+06,9.9145e+06,111074
tmt_unsym.mtx,static,1,64,1.03378e+10,1.6586e+10,4.15453e+06,9.85034e+06,115235
tmt_unsym.mtx,static,10,1,6136875151,16422335653,4262852,1.00711e+07,97379
tmt_unsym.mtx,static,10,2,6.19719e+09,16423486751,4.37822e+06,1.00673e+07,106869
tmt_unsym.mtx,static,10,4,6.20335e+09,1.64248e+10,4.21033e+06,1.00842e+07,108155
tmt_unsym.mtx,static,10,8,6.261e+09,1.6427e+10,4.18554e+06,1.00395e+07,108917
tmt_unsym.mtx,static,10,16,6.48017e+09,1.64363e+10,4.25488e+06,9888636,116193
tmt_unsym.mtx,static,10,32,7.1758e+09,1.64674e+10,4.10088e+06,9872330,113171
tmt_unsym.mtx,static,10,64,1.23096e+10,1.66787e+10,4.16292e+06,9.81658e+06,118562
tmt_unsym.mtx,static,100,1,6.14772e+09,1.64223e+10,4.24907e+06,1.00588e+07,99677.6
tmt_unsym.mtx,static,100,2,6.1682e+09,1.64234e+10,4.35359e+06,1.01974e+07,107708
tmt_unsym.mtx,static,100,4,6.20732e+09,1.64247e+10,4.20465e+06,1.00343e+07,109080
tmt_unsym.mtx,static,100,8,6.27549e+09,1.64274e+10,4.16884e+06,1.00179e+07,108340
tmt_unsym.mtx,static,100,16,6.47172e+09,1.64353e+10,4.24775e+06,9.92077e+06,115285
tmt_unsym.mtx,static,100,32,7.06997e+09,1.64622e+10,4.12144e+06,9.79654e+06,111548
tmt_unsym.mtx,static,100,64,1.18831e+10,1.66606e+10,4.14415e+06,9.74878e+06,115043
tmt_unsym.mtx,static,1000,1,6.13564e+09,1.64223e+10,4266833,9.96328e+06,99737.8
tmt_unsym.mtx,static,1000,2,6.18173e+09,16423603757,4.35909e+06,10121867,107392
tmt_unsym.mtx,static,1000,4,6.21342e+09,16424624350,4.23105e+06,1.01158e+07,108627
tmt_unsym.mtx,static,1000,8,6269465138,1.64273e+10,4.17136e+06,9.72207e+06,107308
tmt_unsym.mtx,static,1000,16,6.42485e+09,16433911856,4207323,9.69462e+06,112325
tmt_unsym.mtx,static,1000,32,7018978040,1.64596e+10,4.11638e+06,9.82406e+06,111154
tmt_unsym.mtx,static,1000,64,1.1296e+10,1.6645e+10,4.17715e+06,9.70227e+06,116142
tmt_unsym.mtx,static,10000,1,6158552137,1.64223e+10,4.27622e+06,1.00838e+07,99111
tmt_unsym.mtx,static,10000,2,6.17188e+09,1.64234e+10,4350757,1.01458e+07,108036
tmt_unsym.mtx,static,10000,4,6.20229e+09,1.64248e+10,4152000,9.94978e+06,105116
tmt_unsym.mtx,static,10000,8,6.28388e+09,1.64278e+10,4219255,9.9929e+06,109837
tmt_unsym.mtx,static,10000,16,6.40184e+09,1.64322e+10,4233245,9.9186e+06,114836
tmt_unsym.mtx,static,10000,32,7.14827e+09,1.64658e+10,4070719,9.88931e+06,112122
tmt_unsym.mtx,static,10000,64,11468163569,1.66327e+10,4168378,9.89685e+06,116756
tmt_unsym.mtx,dynamic,1,1,6.14834e+09,1.64223e+10,4.26679e+06,9882754,100827
tmt_unsym.mtx,dynamic,1,2,6.17729e+09,16423506130,4.36917e+06,10142174,106204
tmt_unsym.mtx,dynamic,1,4,6232571851,1.64246e+10,4.18918e+06,9.98631e+06,108020
tmt_unsym.mtx,dynamic,1,8,6.28142e+09,1.64275e+10,4.25986e+06,9.90914e+06,113550
tmt_unsym.mtx,dynamic,1,16,6486999613,1.64377e+10,4.15359e+06,9.76216e+06,110380
tmt_unsym.mtx,dynamic,1,32,7.19973e+09,1.64687e+10,4.15181e+06,9907607,113504
tmt_unsym.mtx,dynamic,1,64,1.27215e+10,1.67014e+10,4167522,9781044,116245
tmt_unsym.mtx,dynamic,10,1,6.14521e+09,1.64223e+10,4.27929e+06,1.00873e+07,97882.8
tmt_unsym.mtx,dynamic,10,2,6.16975e+09,1.64235e+10,4394787,1.00812e+07,109406
tmt_unsym.mtx,dynamic,10,4,6.20171e+09,16424586627,4.2563e+06,1.01011e+07,109007
tmt_unsym.mtx,dynamic,10,8,6285011306,1.64269e+10,4.14023e+06,9860886,107798
tmt_unsym.mtx,dynamic,10,16,6.44288e+09,1.64348e+10,4167543,9.93314e+06,110871
tmt_unsym.mtx,dynamic,10,32,6.86664e+09,1.64519e+10,4156194,9.85924e+06,112991
tmt_unsym.mtx,dynamic,10,64,1.28447e+10,16701841776,4.18027e+06,9.78114e+06,117023
tmt_unsym.mtx,dynamic,100,1,6.14995e+09,1.64223e+10,4.30797e+06,1.00726e+07,102156
tmt_unsym.mtx,dynamic,100,2,6.16394e+09,1.64234e+10,4.37156e+06,1.0079e+07,106555
tmt_unsym.mtx,dynamic,100,4,6.21345e+09,1.64251e+10,4.21058e+06,10125462,108109
tmt_unsym.mtx,dynamic,100,8,6.25754e+09,16426695862,4.09993e+06,9.81081e+06,105800
tmt_unsym.mtx,dynamic,100,16,6.39915e+09,1.64325e+10,4.17842e+06,1.00117e+07,109356
tmt_unsym.mtx,dynamic,100,32,8016430860,1.65081e+10,4.13301e+06,9.86914e+06,113981
tmt_unsym.mtx,dynamic,100,64,1.22869e+10,1.66867e+10,4170447,9815894,118147
tmt_unsym.mtx,dynamic,1000,1,6.13836e+09,1.64223e+10,4.2781e+06,1.01402e+07,99488
tmt_unsym.mtx,dynamic,1000,2,6204226750,1.64235e+10,4358848,1.00499e+07,107628
tmt_unsym.mtx,dynamic,1000,4,6.21239e+09,1.64247e+10,4.19049e+06,1.01317e+07,108147
tmt_unsym.mtx,dynamic,1000,8,6.26289e+09,1.64274e+10,4.16166e+06,1.00298e+07,108068
tmt_unsym.mtx,dynamic,1000,16,6.41351e+09,1.64331e+10,4199542,9.84548e+06,114335
tmt_unsym.mtx,dynamic,1000,32,7014018805,16459909646,4.09012e+06,9.85802e+06,110207
tmt_unsym.mtx,dynamic,1000,64,11001226638,16618817247,4.16734e+06,9.9369e+06,117318
tmt_unsym.mtx,dynamic,10000,1,6140301420,1.64223e+10,4.28461e+06,1.00739e+07,100116
tmt_unsym.mtx,dynamic,10000,2,6.16528e+09,1.64234e+10,4.36476e+06,1.0167e+07,109347
tmt_unsym.mtx,dynamic,10000,4,6206077181,1.64248e+10,4231137,1.01329e+07,107220
tmt_unsym.mtx,dynamic,10000,8,6.27641e+09,1.64278e+10,4.29614e+06,9.81032e+06,112845
tmt_unsym.mtx,dynamic,10000,16,6.43516e+09,1.64344e+10,4.23328e+06,9.90797e+06,114600
tmt_unsym.mtx,dynamic,10000,32,6.89702e+09,1.64531e+10,4.12646e+06,9.92761e+06,112751
tmt_unsym.mtx,dynamic,10000,64,1.29596e+10,1.6714e+10,4172597,9.84437e+06,117481
tmt_unsym.mtx,guided,1,1,6.13807e+09,1.64223e+10,4267503,1.01066e+07,99403.4
tmt_unsym.mtx,guided,1,2,6.20026e+09,1.64236e+10,4.34019e+06,1.01238e+07,107102
tmt_unsym.mtx,guided,1,4,6.20894e+09,16424736089,4.20301e+06,9.98144e+06,107627
tmt_unsym.mtx,guided,1,8,6274000138,1.64276e+10,4.20577e+06,9.91663e+06,110043
tmt_unsym.mtx,guided,1,16,6.43726e+09,1.64344e+10,4228125,9.96258e+06,114031
tmt_unsym.mtx,guided,1,32,7.13938e+09,16465719768,4.17913e+06,9.81185e+06,112059
tmt_unsym.mtx,guided,1,64,12377165305,1.66914e+10,4189124,9.90384e+06,118509
tmt_unsym.mtx,guided,10,1,6.13338e+09,1.64223e+10,4.2801e+06,1.01194e+07,101572
tmt_unsym.mtx,guided,10,2,6168642634,1.64234e+10,4.35414e+06,10139386,106956
tmt_unsym.mtx,guided,10,4,6193295039,1.64247e+10,4.10311e+06,1.00783e+07,106110
tmt_unsym.mtx,guided,10,8,6.27145e+09,1.64267e+10,4255955,1.00082e+07,114505
tmt_unsym.mtx,guided,10,16,6.41823e+09,1.6434e+10,4.17497e+06,9.74142e+06,111591
tmt_unsym.mtx,guided,10,32,7.23046e+09,1.64708e+10,4.10592e+06,9.88006e+06,110161
tmt_unsym.mtx,guided,10,64,1.18422e+10,1.66544e+10,4.15323e+06,9.79921e+06,117404
tmt_unsym.mtx,guided,100,1,6157491622,1.64223e+10,4.25398e+06,1.00487e+07,101542
tmt_unsym.mtx,guided,100,2,6.17811e+09,1.64235e+10,4363041,10035777,107828
tmt_unsym.mtx,guided,100,4,6.21685e+09,1.64251e+10,4.20938e+06,1.01229e+07,107700
tmt_unsym.mtx,guided,100,8,6.27677e+09,1.64271e+10,4.22108e+06,9997357,110418
tmt_unsym.mtx,guided,100,16,6.4663e+09,16435955723,4.20323e+06,9870561,111728
tmt_unsym.mtx,guided,100,32,6.99178e+09,1.64575e+10,4106364,9.89805e+06,112928
tmt_unsym.mtx,guided,100,64,1.20634e+10,1.6661e+10,4.16364e+06,9.92082e+06,116911
tmt_unsym.mtx,guided,1000,1,6.15119e+09,1.64223e+10,4.28016e+06,10119674,100389
tmt_unsym.mtx,guided,1000,2,6.16469e+09,1.64234e+10,4.35269e+06,1.00562e+07,107665
tmt_unsym.mtx,guided,1000,4,6.19801e+09,1.64247e+10,4.22695e+06,1.00769e+07,108323
tmt_unsym.mtx,guided,1000,8,6.25846e+09,1.64272e+10,4.24742e+06,9.79993e+06,110605
tmt_unsym.mtx,guided,1000,16,6.45854e+09,16435558275,4.18951e+06,9.89671e+06,110780
tmt_unsym.mtx,guided,1000,32,7063316207,1.64611e+10,4126857,9.88948e+06,111068
tmt_unsym.mtx,guided,1000,64,1.01504e+10,1.6568e+10,4.15615e+06,9.8878e+06,116324
tmt_unsym.mtx,guided,10000,1,6.14118e+09,16422335862,4.26487e+06,9.73871e+06,99555
tmt_unsym.mtx,guided,10000,2,6.16807e+09,1.64234e+10,4.36864e+06,1.01124e+07,106920
tmt_unsym.mtx,guided,10000,4,6.19669e+09,1.64246e+10,4.19904e+06,1.0013e+07,109457
tmt_unsym.mtx,guided,10000,8,6.27767e+09,1.6427e+10,4.14376e+06,9998335,104809
tmt_unsym.mtx,guided,10000,16,6.49799e+09,1.64376e+10,4.21422e+06,9.74523e+06,113478
tmt_unsym.mtx,guided,10000,32,6.96495e+09,1.64573e+10,4.10213e+06,9.82687e+06,112774
tmt_unsym.mtx,guided,10000,64,10935463358,1.66168e+10,4.16512e+06,9.6995e+06,118827
